{
    "train": {
        "loss": 0.6943733458008085,
        "acc": 0.6141183035714286
    },
    "validation": {
        "loss": 0.6633140726248171,
        "acc": 0.6319883084392262
    }
}